member_casual,total_rides,avg_duration,median_duration
casual,2080025,21.56988117771747,12.431866665681204
member,3641036,12.409152351376441,8.847833333412806
